Suma de LIFETIME,PAYMENT_METHOD,SENDBACK,Suma de TURNOVER,Suma de TYPE,USER_ID,VIDEO_AD,AOV,Conversion Texto,Impacto Video vs Texto,Tasa de Conversion,Conversion Video,Total Transacciones,Total Turnover,GENDER,Año,Trimestre,Mes,Día,Suma de CREDIT_SCORE,CONVERTED,AGE_GROUP,Suma de AGE
0,bank transfer,false,31,1,ben_thomas,true,"€31,00",,,,,1,€31,male,2023,Qtr 4,octubre,29,4,false,Joven,22
5,bank transfer,false,37,1,bruce_besson1,true,"€37,00",,,,,1,€37,male,2023,Qtr 4,octubre,8,4,false,Adulto Joven,32
11,bank transfer,false,389,1,bruno_moon,false,"€389,00",,,,,1,€389,male,2023,Qtr 4,diciembre,17,4,false,Adulto,51
11,bank transfer,false,335,1,bruno_moon,true,"€335,00",,,,,1,€335,male,2023,Qtr 4,noviembre,29,4,false,Adulto,51
8,bank transfer,false,44,3,cardiB,false,"€44,00",,,,,1,€44,female,2023,Qtr 4,octubre,2,3,false,Adulto Joven,27
8,bank transfer,false,39,3,cardiB,false,"€39,00",,,,,1,€39,female,2023,Qtr 4,octubre,5,3,false,Adulto Joven,27
8,bank transfer,false,381,3,cardiB,false,"€381,00",,,,,1,€381,female,2023,Qtr 4,octubre,24,3,false,Adulto Joven,27
8,bank transfer,false,35,3,cardiB,false,"€35,00",,,,,1,€35,female,2023,Qtr 4,noviembre,26,3,false,Adulto Joven,27
8,bank transfer,false,34,3,cardiB,false,"€34,00",,,,,1,€34,female,2023,Qtr 4,diciembre,23,3,false,Adulto Joven,27
8,bank transfer,false,42,3,cardiB,true,"€42,00",,,"100,00%","100,00%",1,€42,female,2023,Qtr 4,octubre,15,3,true,Adulto Joven,27
8,bank transfer,false,400,3,cardiB,true,"€400,00",,,,,1,€400,female,2023,Qtr 4,octubre,21,3,false,Adulto Joven,27
8,bank transfer,false,41,3,cardiB,true,"€41,00",,,,,1,€41,female,2023,Qtr 4,noviembre,6,3,false,Adulto Joven,27
8,bank transfer,false,163,3,cardiB,true,"€163,00",,,"100,00%","100,00%",1,€163,female,2023,Qtr 4,noviembre,11,3,true,Adulto Joven,27
8,bank transfer,false,591,3,cardiB,true,"€591,00",,,"100,00%","100,00%",1,€591,female,2023,Qtr 4,noviembre,27,3,true,Adulto Joven,27
8,bank transfer,false,462,3,cardiB,true,"€462,00",,,,,1,€462,female,2023,Qtr 4,diciembre,14,3,false,Adulto Joven,27
1,bank transfer,false,32,3,dianehall,false,"€32,00",,,,,1,€32,female,2023,Qtr 4,octubre,11,1,false,Adulto Joven,26
1,bank transfer,false,45,3,dianehall,false,"€45,00",,,,,1,€45,female,2023,Qtr 4,noviembre,2,1,false,Adulto Joven,26
1,bank transfer,false,33,3,dianehall,false,"€33,00",,,,,1,€33,female,2023,Qtr 4,diciembre,29,1,false,Adulto Joven,26
1,bank transfer,false,48,3,dianehall,true,"€48,00",,,,,1,€48,female,2023,Qtr 4,octubre,29,1,false,Adulto Joven,26
1,bank transfer,false,38,3,dianehall,true,"€38,00",,,,,1,€38,female,2023,Qtr 4,noviembre,25,1,false,Adulto Joven,26
1,bank transfer,false,49,3,dianehall,true,"€49,00",,,"100,00%","100,00%",1,€49,female,2023,Qtr 4,diciembre,13,1,true,Adulto Joven,26
12,bank transfer,false,44,1,Duc_le_vu,false,"€44,00",,,,,1,€44,male,2023,Qtr 4,octubre,6,2,false,Senior,88
12,bank transfer,false,40,1,Duc_le_vu,false,"€40,00",,,,,1,€40,male,2023,Qtr 4,octubre,17,2,false,Senior,88
12,bank transfer,false,43,1,Duc_le_vu,false,"€43,00",,,,,1,€43,male,2023,Qtr 4,diciembre,9,2,false,Senior,88
12,bank transfer,false,48,1,Duc_le_vu,true,"€48,00",,,,,1,€48,male,2023,Qtr 4,diciembre,20,2,false,Senior,88
2,bank transfer,false,35,1,elaine_marie,true,"€35,00",,,,,1,€35,female,2023,Qtr 4,octubre,10,5,false,Joven,23
12,bank transfer,false,38,1,ella_oconnor,true,"€38,00",,,,,1,€38,female,2023,Qtr 4,noviembre,19,4,false,Adulto,57
12,bank transfer,false,196,2,gene_f_erandez,true,"€196,00",,,,,1,€196,male,2023,Qtr 4,diciembre,15,5,false,Senior,66
12,bank transfer,false,336,1,Gingin_xang,false,"€336,00",,,,,1,€336,male,2023,Qtr 4,diciembre,21,4,false,Adulto,53
12,bank transfer,false,33,1,Gingin_xang,true,"€33,00",,,,,1,€33,male,2023,Qtr 4,octubre,10,4,false,Adulto,53
12,bank transfer,false,42,1,jackie_gleason,false,"€42,00",,,,,1,€42,male,2023,Qtr 4,octubre,17,4,false,Joven,23
12,bank transfer,false,46,1,jackie_gleason,true,"€46,00",,,,,1,€46,male,2023,Qtr 4,noviembre,3,4,false,Joven,23
9,bank transfer,false,50,1,julian22,false,"€50,00",,,,,1,€50,male,2023,Qtr 4,octubre,6,3,false,Adulto,54
9,bank transfer,false,41,1,julian22,false,"€41,00",,,,,1,€41,male,2023,Qtr 4,noviembre,24,3,false,Adulto,54
9,bank transfer,false,44,1,julian22,false,"€44,00",,,,,1,€44,male,2023,Qtr 4,noviembre,29,3,false,Adulto,54
9,bank transfer,false,36,1,julian22,false,"€36,00",,,,,1,€36,male,2023,Qtr 4,diciembre,2,3,false,Adulto,54
9,bank transfer,false,37,1,julian22,false,"€37,00",,,,,1,€37,male,2023,Qtr 4,diciembre,19,3,false,Adulto,54
9,bank transfer,false,35,1,julian22,true,"€35,00",,,,,1,€35,male,2023,Qtr 4,octubre,7,3,false,Adulto,54
9,bank transfer,false,300,1,julian22,true,"€300,00",,,,,1,€300,male,2023,Qtr 4,octubre,9,3,false,Adulto,54
9,bank transfer,false,43,1,julian22,true,"€43,00",,,"100,00%","100,00%",1,€43,male,2023,Qtr 4,octubre,21,3,true,Adulto,54
9,bank transfer,false,341,1,julian22,true,"€341,00",,,"100,00%","100,00%",1,€341,male,2023,Qtr 4,noviembre,17,3,true,Adulto,54
11,bank transfer,false,35,1,julianne1,false,"€35,00","100,00%","-100,00%","100,00%",,1,€35,female,2023,Qtr 4,octubre,5,2,true,Adulto,47
12,bank transfer,false,455,2,laura_smith,false,"€455,00",,,,,1,€455,female,2023,Qtr 4,noviembre,17,5,false,Adulto,47
12,bank transfer,false,177,2,laura_smith,false,"€177,00",,,,,1,€177,female,2023,Qtr 4,noviembre,25,5,false,Adulto,47
12,bank transfer,false,612,2,laura_smith,false,"€612,00",,,,,1,€612,female,2023,Qtr 4,diciembre,7,5,false,Adulto,47
12,bank transfer,false,576,2,laura_smith,false,"€576,00",,,,,1,€576,female,2023,Qtr 4,diciembre,15,5,false,Adulto,47
12,bank transfer,false,182,2,laura_smith,false,"€182,00",,,,,1,€182,female,2023,Qtr 4,diciembre,29,5,false,Adulto,47
12,bank transfer,false,102,2,laura_smith,true,"€102,00",,,,,1,€102,female,2023,Qtr 4,octubre,11,5,false,Adulto,47
12,bank transfer,false,530,2,laura_smith,true,"€530,00",,,,,1,€530,female,2023,Qtr 4,noviembre,10,5,false,Adulto,47
12,bank transfer,false,638,2,laura_smith,true,"€638,00",,,,,1,€638,female,2023,Qtr 4,noviembre,26,5,false,Adulto,47
12,bank transfer,false,188,2,laura_smith,true,"€188,00",,,,,1,€188,female,2023,Qtr 4,diciembre,23,5,false,Adulto,47
12,bank transfer,false,35,1,lee_kim,true,"€35,00",,,,,1,€35,female,2023,Qtr 4,noviembre,29,2,false,Adulto,55
12,bank transfer,false,49,1,lee_kim,true,"€49,00",,,,,1,€49,female,2023,Qtr 4,diciembre,20,2,false,Adulto,55
12,bank transfer,false,38,3,lisa89,false,"€38,00",,,,,1,€38,female,2023,Qtr 4,diciembre,16,4,false,Joven,25
5,bank transfer,false,306,1,marc_sinclair,false,"€306,00",,,,,1,€306,male,2023,Qtr 4,octubre,4,4,false,Adulto Joven,36
5,bank transfer,false,323,1,marc_sinclair,false,"€323,00",,,,,1,€323,male,2023,Qtr 4,octubre,20,4,false,Adulto Joven,36
5,bank transfer,false,418,1,marc_sinclair,false,"€418,00",,,,,1,€418,male,2023,Qtr 4,noviembre,24,4,false,Adulto Joven,36
5,bank transfer,false,36,1,marc_sinclair,false,"€36,00",,,,,1,€36,male,2023,Qtr 4,diciembre,22,4,false,Adulto Joven,36
5,bank transfer,false,47,1,marc_sinclair,true,"€47,00",,,"100,00%","100,00%",1,€47,male,2023,Qtr 4,octubre,2,4,true,Adulto Joven,36
5,bank transfer,false,40,1,marc_sinclair,true,"€40,00",,,,,1,€40,male,2023,Qtr 4,octubre,3,4,false,Adulto Joven,36
5,bank transfer,false,381,1,marc_sinclair,true,"€381,00",,,,,1,€381,male,2023,Qtr 4,octubre,12,4,false,Adulto Joven,36
5,bank transfer,false,44,1,marc_sinclair,true,"€44,00",,,,,1,€44,male,2023,Qtr 4,noviembre,13,4,false,Adulto Joven,36
5,bank transfer,false,39,1,marc_sinclair,true,"€39,00",,,,,1,€39,male,2023,Qtr 4,noviembre,26,4,false,Adulto Joven,36
5,bank transfer,false,37,1,marc_sinclair,true,"€37,00",,,,,1,€37,male,2023,Qtr 4,diciembre,19,4,false,Adulto Joven,36
5,bank transfer,false,356,1,marc_sinclair,true,"€356,00",,,,,1,€356,male,2023,Qtr 4,diciembre,20,4,false,Adulto Joven,36
7,bank transfer,false,40,1,marcmiller,false,"€40,00",,,,,1,€40,male,2023,Qtr 4,octubre,17,4,false,Adulto,43
11,bank transfer,false,41,1,networkman,false,"€41,00",,,,,1,€41,male,2023,Qtr 4,noviembre,9,4,false,Adulto Joven,38
12,bank transfer,false,334,1,paul_bringer,false,"€334,00",,,,,1,€334,male,2023,Qtr 4,octubre,22,5,false,Adulto Joven,39
6,bank transfer,false,46,3,ralf_mitchell,false,"€46,00",,,,,1,€46,male,2023,Qtr 4,octubre,13,4,false,Adulto,51
6,bank transfer,false,44,3,ralf_mitchell,false,"€44,00","100,00%","-100,00%","100,00%",,1,€44,male,2023,Qtr 4,octubre,14,4,true,Adulto,51
6,bank transfer,false,375,3,ralf_mitchell,false,"€375,00",,,,,1,€375,male,2023,Qtr 4,octubre,29,4,false,Adulto,51
6,bank transfer,false,44,3,ralf_mitchell,false,"€44,00","100,00%","-100,00%","100,00%",,1,€44,male,2023,Qtr 4,diciembre,6,4,true,Adulto,51
6,bank transfer,false,42,3,ralf_mitchell,true,"€42,00",,,,,1,€42,male,2023,Qtr 4,octubre,24,4,false,Adulto,51
6,bank transfer,false,38,3,ralf_mitchell,true,"€38,00",,,,,1,€38,male,2023,Qtr 4,noviembre,14,4,false,Adulto,51
10,bank transfer,false,43,1,sid_james,false,"€43,00",,,,,1,€43,male,2023,Qtr 4,diciembre,9,4,false,Adulto,45
12,bank transfer,false,325,2,suratali,false,"€325,00","100,00%","-100,00%","100,00%",,1,€325,male,2023,Qtr 4,octubre,12,4,true,Adulto Joven,37
12,bank transfer,false,107,2,suratali,false,"€107,00","100,00%","-100,00%","100,00%",,1,€107,male,2023,Qtr 4,octubre,17,4,true,Adulto Joven,37
,bank transfer,false,,,suratali,false,,,,,"100,00%",,,male,2023,Qtr 4,diciembre,3,,true,Adulto Joven,
12,bank transfer,false,126,2,suratali,false,"€126,00",,,,,1,€126,male,2023,Qtr 4,diciembre,7,4,false,Adulto Joven,37
12,bank transfer,false,163,2,suratali,true,"€163,00",,,,,1,€163,male,2023,Qtr 4,octubre,10,4,false,Adulto Joven,37
,bank transfer,false,,,suratali,true,,"100,00%","-100,00%",,,,,male,2023,Qtr 4,octubre,12,,true,Adulto Joven,
12,bank transfer,false,156,2,suratali,true,"€156,00",,,,,1,€156,male,2023,Qtr 4,octubre,13,4,false,Adulto Joven,37
,bank transfer,false,,,suratali,true,,"100,00%","-100,00%",,,,,male,2023,Qtr 4,octubre,17,,true,Adulto Joven,
12,bank transfer,false,61,2,suratali,true,"€61,00",,,,,1,€61,male,2023,Qtr 4,octubre,20,4,false,Adulto Joven,37
12,bank transfer,false,146,2,suratali,true,"€146,00",,,"100,00%","100,00%",1,€146,male,2023,Qtr 4,diciembre,3,4,true,Adulto Joven,37
12,bank transfer,false,152,2,suratali,true,"€152,00",,,,,1,€152,male,2023,Qtr 4,diciembre,13,4,false,Adulto Joven,37
7,bank transfer,false,48,1,takethis,false,"€48,00",,,,,1,€48,male,2023,Qtr 4,octubre,17,3,false,Adulto Joven,33
7,bank transfer,false,89,1,takethis,false,"€89,00",,,,,1,€89,male,2023,Qtr 4,octubre,24,3,false,Adulto Joven,33
7,bank transfer,false,142,1,takethis,false,"€142,00",,,,,1,€142,male,2023,Qtr 4,noviembre,21,3,false,Adulto Joven,33
7,bank transfer,false,48,1,takethis,false,"€48,00",,,,,1,€48,male,2023,Qtr 4,diciembre,26,3,false,Adulto Joven,33
7,bank transfer,false,49,1,takethis,true,"€49,00",,,"100,00%","100,00%",1,€49,male,2023,Qtr 4,octubre,11,3,true,Adulto Joven,33
7,bank transfer,false,41,1,takethis,true,"€41,00",,,,,1,€41,male,2023,Qtr 4,octubre,23,3,false,Adulto Joven,33
7,bank transfer,false,50,1,takethis,true,"€50,00",,,"100,00%","100,00%",1,€50,male,2023,Qtr 4,noviembre,7,3,true,Adulto Joven,33
7,bank transfer,false,40,1,takethis,true,"€40,00",,,,,1,€40,male,2023,Qtr 4,noviembre,26,3,false,Adulto Joven,33
7,bank transfer,false,43,1,takethis,true,"€43,00",,,,,1,€43,male,2023,Qtr 4,diciembre,6,3,false,Adulto Joven,33
8,bank transfer,true,38,3,cardiB,false,"€38,00",,,,,1,€38,female,2023,Qtr 4,diciembre,13,3,false,Adulto Joven,27
12,bank transfer,true,36,1,Duc_le_vu,true,"€36,00",,,"100,00%","100,00%",1,€36,male,2023,Qtr 4,octubre,27,2,true,Senior,88
12,bank transfer,true,33,1,Duc_le_vu,true,"€33,00",,,,,1,€33,male,2023,Qtr 4,noviembre,11,2,false,Senior,88
12,bank transfer,true,34,1,joanah_hamilton,false,"€34,00",,,,,1,€34,female,2023,Qtr 4,noviembre,8,3,false,Adulto Joven,37
9,bank transfer,true,41,1,julian22,true,"€41,00",,,,,1,€41,male,2023,Qtr 4,octubre,12,3,false,Adulto,54
12,bank transfer,true,371,2,laura_smith,false,"€371,00",,,,,1,€371,female,2023,Qtr 4,noviembre,8,5,false,Adulto,47
12,bank transfer,true,179,2,laura_smith,false,"€179,00","100,00%","-100,00%","100,00%",,1,€179,female,2023,Qtr 4,diciembre,20,5,true,Adulto,47
12,bank transfer,true,43,1,lee_kim,true,"€43,00",,,,,1,€43,female,2023,Qtr 4,diciembre,26,2,false,Adulto,55
6,bank transfer,true,453,3,ralf_mitchell,true,"€453,00",,,,,1,€453,male,2023,Qtr 4,octubre,19,4,false,Adulto,51
10,bank transfer,true,372,1,sid_james,true,"€372,00",,,,,1,€372,male,2023,Qtr 4,octubre,14,4,false,Adulto,45
12,bank transfer,true,332,2,suratali,false,"€332,00",,,,,1,€332,male,2023,Qtr 4,diciembre,4,4,false,Adulto Joven,37
12,BNPL,false,34,1,babe_ruth,false,"€34,00",,,,,1,€34,male,2023,Qtr 4,octubre,2,2,false,Adulto,48
12,BNPL,false,390,1,babe_ruth,false,"€390,00",,,,,1,€390,male,2023,Qtr 4,octubre,31,2,false,Adulto,48
12,BNPL,false,43,1,babe_ruth,false,"€43,00",,,,,1,€43,male,2023,Qtr 4,noviembre,2,2,false,Adulto,48
12,BNPL,false,340,1,babe_ruth,false,"€340,00",,,,,1,€340,male,2023,Qtr 4,noviembre,11,2,false,Adulto,48
12,BNPL,false,46,1,babe_ruth,false,"€46,00",,,,,1,€46,male,2023,Qtr 4,diciembre,5,2,false,Adulto,48
12,BNPL,false,45,1,babe_ruth,true,"€45,00",,,,,1,€45,male,2023,Qtr 4,octubre,8,2,false,Adulto,48
12,BNPL,false,44,1,babe_ruth,true,"€44,00",,,,,1,€44,male,2023,Qtr 4,diciembre,18,2,false,Adulto,48
12,BNPL,false,492,1,babe_ruth,true,"€492,00",,,,,1,€492,male,2023,Qtr 4,diciembre,27,2,false,Adulto,48
12,BNPL,false,47,1,babe_ruth,true,"€47,00",,,,,1,€47,male,2023,Qtr 4,diciembre,28,2,false,Adulto,48
7,BNPL,false,473,3,barney_stinson,true,"€473,00",,,,,1,€473,male,2023,Qtr 4,diciembre,15,1,false,Adulto,52
11,BNPL,false,45,3,bob-harris,false,"€45,00",,,,,1,€45,male,2023,Qtr 4,noviembre,12,4,false,Adulto Joven,30
11,BNPL,false,36,3,bob-harris,true,"€36,00",,,,,1,€36,male,2023,Qtr 4,octubre,26,4,false,Adulto Joven,30
1,BNPL,false,33,1,brian-close,false,"€33,00",,,,,1,€33,male,2023,Qtr 4,noviembre,14,3,false,Joven,23
1,BNPL,false,45,1,brian-close,false,"€45,00",,,,,1,€45,male,2023,Qtr 4,diciembre,2,3,false,Joven,23
1,BNPL,false,333,1,brian-close,false,"€333,00",,,,,1,€333,male,2023,Qtr 4,diciembre,22,3,false,Joven,23
1,BNPL,false,330,1,brian-close,false,"€330,00",,,,,1,€330,male,2023,Qtr 4,diciembre,29,3,false,Joven,23
1,BNPL,false,47,1,brian-close,true,"€47,00",,,"100,00%","100,00%",1,€47,male,2023,Qtr 4,octubre,11,3,true,Joven,23
1,BNPL,false,37,1,brian-close,true,"€37,00",,,"100,00%","100,00%",1,€37,male,2023,Qtr 4,octubre,18,3,true,Joven,23
1,BNPL,false,389,1,brian-close,true,"€389,00",,,"100,00%","100,00%",1,€389,male,2023,Qtr 4,octubre,27,3,true,Joven,23
1,BNPL,false,34,1,brian-close,true,"€34,00",,,,,1,€34,male,2023,Qtr 4,diciembre,20,3,false,Joven,23
12,BNPL,false,32,1,bruceMoore,true,"€32,00",,,,,1,€32,male,2023,Qtr 4,octubre,27,5,false,Adulto,56
11,BNPL,false,34,3,david_daiches,false,"€34,00",,,,,1,€34,male,2023,Qtr 4,octubre,18,5,false,Adulto Joven,37
11,BNPL,false,41,3,david_daiches,false,"€41,00",,,,,1,€41,male,2023,Qtr 4,octubre,26,5,false,Adulto Joven,37
,BNPL,false,,,david_daiches,false,,,,,"100,00%",,,male,2023,Qtr 4,diciembre,8,,true,Adulto Joven,
11,BNPL,false,31,3,david_daiches,false,"€31,00","100,00%","-100,00%","100,00%",,1,€31,male,2023,Qtr 4,diciembre,9,5,true,Adulto Joven,37
,BNPL,false,,,david_daiches,false,,,,,"100,00%",,,male,2023,Qtr 4,diciembre,22,,true,Adulto Joven,
11,BNPL,false,42,3,david_daiches,false,"€42,00",,,,,1,€42,male,2023,Qtr 4,diciembre,26,5,false,Adulto Joven,37
11,BNPL,false,33,3,david_daiches,true,"€33,00",,,,,1,€33,male,2023,Qtr 4,noviembre,18,5,false,Adulto Joven,37
11,BNPL,false,36,3,david_daiches,true,"€36,00",,,"100,00%","100,00%",1,€36,male,2023,Qtr 4,diciembre,8,5,true,Adulto Joven,37
,BNPL,false,,,david_daiches,true,,"100,00%","-100,00%",,,,,male,2023,Qtr 4,diciembre,9,,true,Adulto Joven,
11,BNPL,false,35,3,david_daiches,true,"€35,00",,,,,1,€35,male,2023,Qtr 4,diciembre,15,5,false,Adulto Joven,37
11,BNPL,false,488,3,david_daiches,true,"€488,00",,,"100,00%","100,00%",1,€488,male,2023,Qtr 4,diciembre,22,5,true,Adulto Joven,37
11,BNPL,false,32,1,david-niven,true,"€32,00",,,,,1,€32,male,2023,Qtr 4,noviembre,18,4,false,Adulto,53
11,BNPL,false,318,1,david-niven,true,"€318,00",,,,,1,€318,male,2023,Qtr 4,diciembre,30,4,false,Adulto,53
1,BNPL,false,385,3,dianehall,true,"€385,00",,,,,1,€385,female,2023,Qtr 4,octubre,6,1,false,Adulto Joven,26
1,BNPL,false,544,3,dianehall,true,"€544,00",,,,,1,€544,female,2023,Qtr 4,octubre,10,1,false,Adulto Joven,26
1,BNPL,false,387,3,dianehall,true,"€387,00",,,,,1,€387,female,2023,Qtr 4,noviembre,7,1,false,Adulto Joven,26
1,BNPL,false,525,3,dianehall,true,"€525,00",,,"100,00%","100,00%",1,€525,female,2023,Qtr 4,diciembre,24,1,true,Adulto Joven,26
11,BNPL,false,718,1,dominik_jung,true,"€718,00",,,,,1,€718,male,2023,Qtr 4,octubre,22,4,false,Adulto,50
12,BNPL,false,147,1,Duc_le_vu,false,"€147,00",,,,,1,€147,male,2023,Qtr 4,noviembre,4,2,false,Senior,88
12,BNPL,false,417,1,Duc_le_vu,false,"€417,00",,,,,1,€417,male,2023,Qtr 4,diciembre,15,2,false,Senior,88
12,BNPL,false,330,1,Duc_le_vu,true,"€330,00",,,,,1,€330,male,2023,Qtr 4,noviembre,6,2,false,Senior,88
11,BNPL,false,45,1,fred_firestone,false,"€45,00",,,,,1,€45,male,2023,Qtr 4,octubre,17,5,false,Adulto Joven,35
11,BNPL,false,42,1,fred_firestone,false,"€42,00",,,,,1,€42,male,2023,Qtr 4,octubre,21,5,false,Adulto Joven,35
11,BNPL,false,310,1,fred_firestone,false,"€310,00",,,,,1,€310,male,2023,Qtr 4,octubre,26,5,false,Adulto Joven,35
11,BNPL,false,34,1,fred_firestone,false,"€34,00",,,,,1,€34,male,2023,Qtr 4,noviembre,20,5,false,Adulto Joven,35
11,BNPL,false,43,1,fred_firestone,false,"€43,00",,,,,1,€43,male,2023,Qtr 4,diciembre,15,5,false,Adulto Joven,35
11,BNPL,false,48,1,fred_firestone,true,"€48,00",,,,,1,€48,male,2023,Qtr 4,octubre,3,5,false,Adulto Joven,35
11,BNPL,false,34,1,fred_firestone,true,"€34,00",,,,,1,€34,male,2023,Qtr 4,octubre,19,5,false,Adulto Joven,35
11,BNPL,false,37,1,fred_firestone,true,"€37,00",,,"100,00%","100,00%",1,€37,male,2023,Qtr 4,noviembre,23,5,true,Adulto Joven,35
11,BNPL,false,364,1,fred_firestone,true,"€364,00",,,,,1,€364,male,2023,Qtr 4,noviembre,28,5,false,Adulto Joven,35
11,BNPL,false,42,1,fred_firestone,true,"€42,00",,,,,1,€42,male,2023,Qtr 4,diciembre,10,5,false,Adulto Joven,35
10,BNPL,false,40,1,frederic_larousee,false,"€40,00","100,00%","-100,00%","100,00%",,1,€40,male,2023,Qtr 4,diciembre,7,4,true,Adulto Joven,38
10,BNPL,false,329,1,frederic_larousee,false,"€329,00",,,,,1,€329,male,2023,Qtr 4,diciembre,14,4,false,Adulto Joven,38
,BNPL,false,,,frederic_larousee,false,,,,,"100,00%",,,male,2023,Qtr 4,diciembre,20,,true,Adulto Joven,
10,BNPL,false,48,1,frederic_larousee,false,"€48,00",,,,,1,€48,male,2023,Qtr 4,diciembre,22,4,false,Adulto Joven,38
10,BNPL,false,39,1,frederic_larousee,true,"€39,00",,,,,1,€39,male,2023,Qtr 4,octubre,8,4,false,Adulto Joven,38
10,BNPL,false,47,1,frederic_larousee,true,"€47,00",,,,,1,€47,male,2023,Qtr 4,octubre,16,4,false,Adulto Joven,38
,BNPL,false,,,frederic_larousee,true,,"100,00%","-100,00%",,,,,male,2023,Qtr 4,diciembre,7,,true,Adulto Joven,
10,BNPL,false,49,1,frederic_larousee,true,"€49,00",,,,,1,€49,male,2023,Qtr 4,diciembre,19,4,false,Adulto Joven,38
10,BNPL,false,42,1,frederic_larousee,true,"€42,00",,,"100,00%","100,00%",1,€42,male,2023,Qtr 4,diciembre,20,4,true,Adulto Joven,38
9,BNPL,false,180,1,gunlover,false,"€180,00",,,,,1,€180,male,2023,Qtr 4,diciembre,9,1,false,Adulto,41
10,BNPL,false,361,3,h_simpson,true,"€361,00",,,"100,00%","100,00%",1,€361,male,2023,Qtr 4,octubre,26,2,true,Adulto Joven,40
9,BNPL,false,302,1,helmut_weissinger,true,"€302,00",,,,,1,€302,male,2023,Qtr 4,noviembre,27,2,false,Adulto Joven,27
11,BNPL,false,36,3,horst_lüning,false,"€36,00",,,,,1,€36,male,2023,Qtr 4,diciembre,2,5,false,Adulto,50
11,BNPL,false,398,3,horst_lüning,true,"€398,00",,,,,1,€398,male,2023,Qtr 4,noviembre,22,5,false,Adulto,50
11,BNPL,false,480,3,horst_lüning,true,"€480,00",,,,,1,€480,male,2023,Qtr 4,noviembre,29,5,false,Adulto,50
11,BNPL,false,384,3,horst_lüning,true,"€384,00",,,,,1,€384,male,2023,Qtr 4,diciembre,29,5,false,Adulto,50
9,BNPL,false,46,1,jennifer_linn,false,"€46,00",,,,,1,€46,female,2023,Qtr 4,octubre,8,4,false,Adulto Joven,28
9,BNPL,false,43,1,jennifer_linn,false,"€43,00",,,,,1,€43,female,2023,Qtr 4,noviembre,28,4,false,Adulto Joven,28
9,BNPL,false,422,1,jennifer_linn,false,"€422,00",,,,,1,€422,female,2023,Qtr 4,diciembre,22,4,false,Adulto Joven,28
9,BNPL,false,620,1,jennifer_linn,true,"€620,00",,,,,1,€620,female,2023,Qtr 4,octubre,12,4,false,Adulto Joven,28
9,BNPL,false,432,1,jennifer_linn,true,"€432,00",,,,,1,€432,female,2023,Qtr 4,octubre,20,4,false,Adulto Joven,28
9,BNPL,false,389,1,jennifer_linn,true,"€389,00",,,,,1,€389,female,2023,Qtr 4,noviembre,8,4,false,Adulto Joven,28
9,BNPL,false,584,1,jennifer_linn,true,"€584,00",,,,,1,€584,female,2023,Qtr 4,noviembre,16,4,false,Adulto Joven,28
9,BNPL,false,441,1,jennifer_linn,true,"€441,00",,,,,1,€441,female,2023,Qtr 4,diciembre,9,4,false,Adulto Joven,28
11,BNPL,false,562,1,julianne1,false,"€562,00",,,,,1,€562,female,2023,Qtr 4,octubre,13,2,false,Adulto,47
11,BNPL,false,498,1,julianne1,false,"€498,00",,,,,1,€498,female,2023,Qtr 4,noviembre,16,2,false,Adulto,47
11,BNPL,false,521,1,julianne1,false,"€521,00",,,,,1,€521,female,2023,Qtr 4,diciembre,8,2,false,Adulto,47
0,BNPL,false,47,1,julianne2,false,"€47,00",,,,,1,€47,female,2023,Qtr 4,octubre,19,5,false,Joven,21
12,BNPL,false,518,1,lee_kim,false,"€518,00",,,,,1,€518,female,2023,Qtr 4,noviembre,20,2,false,Adulto,55
12,BNPL,false,386,1,lee_kim,false,"€386,00",,,,,1,€386,female,2023,Qtr 4,diciembre,29,2,false,Adulto,55
12,BNPL,false,472,1,lee_kim,true,"€472,00",,,,,1,€472,female,2023,Qtr 4,diciembre,17,2,false,Adulto,55
12,BNPL,false,642,1,lee_kim,true,"€642,00",,,"100,00%","100,00%",1,€642,female,2023,Qtr 4,diciembre,25,2,true,Adulto,55
12,BNPL,false,352,3,liz_smith,true,"€352,00",,,,,1,€352,female,2023,Qtr 4,diciembre,10,3,false,Adulto,59
7,BNPL,false,47,1,mard_moe,false,"€47,00",,,,,1,€47,male,2023,Qtr 4,octubre,16,4,false,Adulto Joven,35
10,BNPL,false,440,1,mathiasstanger,true,"€440,00",,,"100,00%","100,00%",1,€440,male,2023,Qtr 4,noviembre,6,2,true,Joven,24
10,BNPL,false,162,1,mathiasstanger,true,"€162,00",,,"100,00%","100,00%",1,€162,male,2023,Qtr 4,noviembre,20,2,true,Joven,24
10,BNPL,false,315,1,mathiasstanger,true,"€315,00",,,,,1,€315,male,2023,Qtr 4,diciembre,22,2,false,Joven,24
11,BNPL,false,37,1,maurice_stonewithe,false,"€37,00",,,,,1,€37,male,2023,Qtr 4,noviembre,19,3,false,Adulto,57
11,BNPL,false,491,1,maurice_stonewithe,false,"€491,00",,,,,1,€491,male,2023,Qtr 4,diciembre,3,3,false,Adulto,57
11,BNPL,false,50,1,maurice_stonewithe,false,"€50,00",,,,,1,€50,male,2023,Qtr 4,diciembre,16,3,false,Adulto,57
11,BNPL,false,400,1,maurice_stonewithe,false,"€400,00",,,,,1,€400,male,2023,Qtr 4,diciembre,23,3,false,Adulto,57
11,BNPL,false,304,1,maurice_stonewithe,true,"€304,00",,,,,1,€304,male,2023,Qtr 4,octubre,25,3,false,Adulto,57
11,BNPL,false,37,1,maurice_stonewithe,true,"€37,00",,,"100,00%","100,00%",1,€37,male,2023,Qtr 4,octubre,31,3,true,Adulto,57
11,BNPL,false,48,1,maurice_stonewithe,true,"€48,00",,,,,1,€48,male,2023,Qtr 4,noviembre,17,3,false,Adulto,57
11,BNPL,false,385,1,maurice_stonewithe,true,"€385,00",,,,,1,€385,male,2023,Qtr 4,diciembre,11,3,false,Adulto,57
11,BNPL,false,34,1,maurice_stonewithe,true,"€34,00",,,"100,00%","100,00%",1,€34,male,2023,Qtr 4,diciembre,28,3,true,Adulto,57
8,BNPL,false,47,1,mr.smith,false,"€47,00",,,,,1,€47,male,2023,Qtr 4,octubre,11,4,false,Adulto Joven,37
8,BNPL,false,44,1,mr.smith,false,"€44,00",,,,,1,€44,male,2023,Qtr 4,octubre,14,4,false,Adulto Joven,37
8,BNPL,false,39,1,mr.smith,false,"€39,00",,,,,1,€39,male,2023,Qtr 4,octubre,16,4,false,Adulto Joven,37
8,BNPL,false,164,1,mr.smith,false,"€164,00",,,,,1,€164,male,2023,Qtr 4,noviembre,9,4,false,Adulto Joven,37
8,BNPL,false,50,1,mr.smith,false,"€50,00",,,,,1,€50,male,2023,Qtr 4,diciembre,4,4,false,Adulto Joven,37
8,BNPL,false,31,1,mr.smith,false,"€31,00",,,,,1,€31,male,2023,Qtr 4,diciembre,30,4,false,Adulto Joven,37
8,BNPL,false,47,1,mr.smith,true,"€47,00",,,"100,00%","100,00%",1,€47,male,2023,Qtr 4,noviembre,3,4,true,Adulto Joven,37
8,BNPL,false,316,1,mr.smith,true,"€316,00",,,,,1,€316,male,2023,Qtr 4,diciembre,25,4,false,Adulto Joven,37
10,BNPL,false,34,3,natalie_hershlag,false,"€34,00",,,,,1,€34,female,2023,Qtr 4,octubre,2,4,false,Adulto,42
10,BNPL,false,35,3,natalie_hershlag,false,"€35,00",,,,,1,€35,female,2023,Qtr 4,octubre,15,4,false,Adulto,42
10,BNPL,false,41,3,natalie_hershlag,false,"€41,00",,,,,1,€41,female,2023,Qtr 4,octubre,25,4,false,Adulto,42
10,BNPL,false,85,3,natalie_hershlag,false,"€85,00",,,,,1,€85,female,2023,Qtr 4,noviembre,16,4,false,Adulto,42
10,BNPL,false,32,3,natalie_hershlag,false,"€32,00",,,,,1,€32,female,2023,Qtr 4,noviembre,24,4,false,Adulto,42
10,BNPL,false,428,3,natalie_hershlag,false,"€428,00",,,,,1,€428,female,2023,Qtr 4,diciembre,14,4,false,Adulto,42
10,BNPL,false,444,3,natalie_hershlag,true,"€444,00",,,,,1,€444,female,2023,Qtr 4,octubre,5,4,false,Adulto,42
10,BNPL,false,352,3,natalie_hershlag,true,"€352,00",,,,,1,€352,female,2023,Qtr 4,octubre,30,4,false,Adulto,42
10,BNPL,false,38,3,natalie_hershlag,true,"€38,00",,,,,1,€38,female,2023,Qtr 4,noviembre,8,4,false,Adulto,42
12,BNPL,false,48,1,peter_horowitz,false,"€48,00",,,,,1,€48,male,2023,Qtr 4,octubre,16,2,false,Adulto Joven,34
9,BNPL,false,363,1,pretzelfrog,true,"€363,00",,,,,1,€363,male,2023,Qtr 4,noviembre,11,5,false,Adulto,57
8,BNPL,false,46,3,rip_torn,true,"€46,00",,,,,1,€46,male,2023,Qtr 4,diciembre,5,5,false,Joven,25
8,BNPL,false,436,3,rip_torn,true,"€436,00",,,,,1,€436,male,2023,Qtr 4,diciembre,23,5,false,Joven,25
10,BNPL,false,466,1,robert_burns,false,"€466,00",,,,,1,€466,male,2023,Qtr 4,diciembre,21,2,false,Adulto Joven,40
12,BNPL,false,293,3,ron_swanson76,false,"€293,00",,,,,1,€293,male,2023,Qtr 4,octubre,6,5,false,Adulto,56
12,BNPL,false,296,3,ron_swanson76,false,"€296,00",,,,,1,€296,male,2023,Qtr 4,octubre,8,5,false,Adulto,56
12,BNPL,false,651,3,ron_swanson76,false,"€651,00",,,,,1,€651,male,2023,Qtr 4,octubre,12,5,false,Adulto,56
12,BNPL,false,704,3,ron_swanson76,false,"€704,00",,,,,1,€704,male,2023,Qtr 4,noviembre,24,5,false,Adulto,56
12,BNPL,false,294,3,ron_swanson76,false,"€294,00",,,,,1,€294,male,2023,Qtr 4,diciembre,11,5,false,Adulto,56
12,BNPL,false,633,3,ron_swanson76,false,"€633,00",,,,,1,€633,male,2023,Qtr 4,diciembre,23,5,false,Adulto,56
12,BNPL,false,286,3,ron_swanson76,true,"€286,00",,,,,1,€286,male,2023,Qtr 4,octubre,3,5,false,Adulto,56
12,BNPL,false,288,3,ron_swanson76,true,"€288,00",,,,,1,€288,male,2023,Qtr 4,octubre,11,5,false,Adulto,56
12,BNPL,false,293,3,ron_swanson76,true,"€293,00",,,,,1,€293,male,2023,Qtr 4,octubre,13,5,false,Adulto,56
12,BNPL,false,642,3,ron_swanson76,true,"€642,00",,,,,1,€642,male,2023,Qtr 4,noviembre,12,5,false,Adulto,56
12,BNPL,false,299,3,ron_swanson76,true,"€299,00",,,,,1,€299,male,2023,Qtr 4,noviembre,18,5,false,Adulto,56
12,BNPL,false,651,3,ron_swanson76,true,"€651,00",,,,,1,€651,male,2023,Qtr 4,noviembre,28,5,false,Adulto,56
12,BNPL,false,598,3,ron_swanson76,true,"€598,00",,,,,1,€598,male,2023,Qtr 4,diciembre,13,5,false,Adulto,56
12,BNPL,false,282,3,ron_swanson76,true,"€282,00",,,,,1,€282,male,2023,Qtr 4,diciembre,16,5,false,Adulto,56
12,BNPL,false,625,1,shaniarainbow,false,"€625,00",,,,,1,€625,female,2023,Qtr 4,noviembre,3,5,false,Joven,22
12,BNPL,false,35,1,terraforming_mars,false,"€35,00",,,,,1,€35,male,2023,Qtr 4,octubre,6,5,false,Adulto,54
,BNPL,false,,,terraforming_mars,false,,,,,"100,00%",,,male,2023,Qtr 4,octubre,27,,true,Adulto,
,BNPL,false,,,terraforming_mars,false,,,,,"100,00%",,,male,2023,Qtr 4,noviembre,17,,true,Adulto,
12,BNPL,false,37,1,terraforming_mars,false,"€37,00","100,00%","-100,00%","100,00%",,1,€37,male,2023,Qtr 4,diciembre,12,5,true,Adulto,54
,BNPL,false,,,terraforming_mars,false,,,,,"100,00%",,,male,2023,Qtr 4,diciembre,20,,true,Adulto,
12,BNPL,false,40,1,terraforming_mars,true,"€40,00",,,,,1,€40,male,2023,Qtr 4,octubre,5,5,false,Adulto,54
12,BNPL,false,33,1,terraforming_mars,true,"€33,00",,,,,1,€33,male,2023,Qtr 4,octubre,16,5,false,Adulto,54
12,BNPL,false,493,1,terraforming_mars,true,"€493,00",,,"100,00%","100,00%",1,€493,male,2023,Qtr 4,octubre,27,5,true,Adulto,54
12,BNPL,false,47,1,terraforming_mars,true,"€47,00",,,,,1,€47,male,2023,Qtr 4,noviembre,13,5,false,Adulto,54
12,BNPL,false,36,1,terraforming_mars,true,"€36,00",,,"100,00%","100,00%",1,€36,male,2023,Qtr 4,noviembre,17,5,true,Adulto,54
12,BNPL,false,47,1,terraforming_mars,true,"€47,00",,,,,1,€47,male,2023,Qtr 4,noviembre,21,5,false,Adulto,54
,BNPL,false,,,terraforming_mars,true,,"100,00%","-100,00%",,,,,male,2023,Qtr 4,diciembre,12,,true,Adulto,
12,BNPL,false,47,1,terraforming_mars,true,"€47,00",,,,,1,€47,male,2023,Qtr 4,diciembre,19,5,false,Adulto,54
12,BNPL,false,39,1,terraforming_mars,true,"€39,00",,,"100,00%","100,00%",1,€39,male,2023,Qtr 4,diciembre,20,5,true,Adulto,54
12,BNPL,false,46,1,terraforming_mars,true,"€46,00",,,,,1,€46,male,2023,Qtr 4,diciembre,27,5,false,Adulto,54
11,BNPL,false,331,1,TH_fouche,true,"€331,00",,,,,1,€331,male,2023,Qtr 4,diciembre,30,4,false,Adulto,57
12,BNPL,false,50,1,thomas_miller,true,"€50,00",,,,,1,€50,male,2023,Qtr 4,octubre,12,2,false,Adulto Joven,39
,BNPL,false,,,tombishop,false,,,,,"100,00%",,,female,2023,Qtr 4,octubre,4,,true,Joven,
0,BNPL,false,42,1,tombishop,false,"€42,00",,,,,1,€42,female,2023,Qtr 4,octubre,6,1,false,Joven,25
0,BNPL,false,644,1,tombishop,false,"€644,00","100,00%","-100,00%","100,00%",,1,€644,female,2023,Qtr 4,noviembre,1,1,true,Joven,25
0,BNPL,false,43,1,tombishop,false,"€43,00",,,,,1,€43,female,2023,Qtr 4,noviembre,11,1,false,Joven,25
0,BNPL,false,617,1,tombishop,false,"€617,00",,,,,1,€617,female,2023,Qtr 4,diciembre,13,1,false,Joven,25
0,BNPL,false,38,1,tombishop,false,"€38,00",,,,,1,€38,female,2023,Qtr 4,diciembre,25,1,false,Joven,25
0,BNPL,false,502,1,tombishop,true,"€502,00",,,"100,00%","100,00%",1,€502,female,2023,Qtr 4,octubre,4,1,true,Joven,25
0,BNPL,false,38,1,tombishop,true,"€38,00",,,,,1,€38,female,2023,Qtr 4,octubre,10,1,false,Joven,25
0,BNPL,false,44,1,tombishop,true,"€44,00",,,,,1,€44,female,2023,Qtr 4,octubre,13,1,false,Joven,25
0,BNPL,false,433,1,tombishop,true,"€433,00",,,,,1,€433,female,2023,Qtr 4,octubre,25,1,false,Joven,25
0,BNPL,false,645,1,tombishop,true,"€645,00",,,,,1,€645,female,2023,Qtr 4,octubre,30,1,false,Joven,25
,BNPL,false,,,tombishop,true,,"100,00%","-100,00%",,,,,female,2023,Qtr 4,noviembre,1,,true,Joven,
7,BNPL,false,38,1,trucy,false,"€38,00",,,,,1,€38,female,2023,Qtr 4,noviembre,7,4,false,Adulto Joven,27
12,BNPL,true,176,1,babe_ruth,true,"€176,00",,,"100,00%","100,00%",1,€176,male,2023,Qtr 4,diciembre,24,2,true,Adulto,48
10,BNPL,true,171,1,frederic_larousee,false,"€171,00",,,,,1,€171,male,2023,Qtr 4,octubre,18,4,false,Adulto Joven,38
10,BNPL,true,39,1,frederic_larousee,true,"€39,00",,,,,1,€39,male,2023,Qtr 4,noviembre,7,4,false,Adulto Joven,38
11,BNPL,true,39,3,horst_lüning,false,"€39,00",,,,,1,€39,male,2023,Qtr 4,octubre,22,5,false,Adulto,50
11,BNPL,true,36,3,horst_lüning,false,"€36,00",,,,,1,€36,male,2023,Qtr 4,noviembre,21,5,false,Adulto,50
11,BNPL,true,46,3,horst_lüning,true,"€46,00",,,,,1,€46,male,2023,Qtr 4,noviembre,28,5,false,Adulto,50
11,BNPL,true,36,3,horst_lüning,true,"€36,00",,,,,1,€36,male,2023,Qtr 4,diciembre,12,5,false,Adulto,50
9,BNPL,true,520,1,jennifer_linn,false,"€520,00",,,,,1,€520,female,2023,Qtr 4,noviembre,13,4,false,Adulto Joven,28
9,BNPL,true,37,1,jennifer_linn,false,"€37,00",,,,,1,€37,female,2023,Qtr 4,noviembre,17,4,false,Adulto Joven,28
9,BNPL,true,367,1,jennifer_linn,true,"€367,00",,,,,1,€367,female,2023,Qtr 4,diciembre,11,4,false,Adulto Joven,28
8,BNPL,true,389,1,mr.smith,false,"€389,00",,,,,1,€389,male,2023,Qtr 4,noviembre,30,4,false,Adulto Joven,37
8,BNPL,true,36,1,mr.smith,true,"€36,00",,,,,1,€36,male,2023,Qtr 4,noviembre,15,4,false,Adulto Joven,37
10,BNPL,true,357,3,natalie_hershlag,false,"€357,00",,,,,1,€357,female,2023,Qtr 4,octubre,17,4,false,Adulto,42
10,BNPL,true,399,1,porsche_driver,false,"€399,00",,,,,1,€399,male,2023,Qtr 4,diciembre,23,4,false,Adulto,51
12,credit card,false,33,1,berry_gordy_florida,true,"€33,00",,,,,1,€33,male,2023,Qtr 4,octubre,16,4,false,Adulto Joven,34
12,credit card,false,38,1,chrstian_hauff,false,"€38,00","100,00%","-100,00%","100,00%",,1,€38,male,2023,Qtr 4,octubre,8,5,true,Senior,93
12,credit card,false,49,1,chrstian_hauff,false,"€49,00",,,,,1,€49,male,2023,Qtr 4,octubre,12,5,false,Senior,93
,credit card,false,,,chrstian_hauff,false,,,,,"100,00%",,,male,2023,Qtr 4,octubre,25,,true,Senior,
,credit card,false,,,chrstian_hauff,false,,,,,"100,00%",,,male,2023,Qtr 4,noviembre,2,,true,Senior,
,credit card,false,,,chrstian_hauff,false,,,,,"100,00%",,,male,2023,Qtr 4,noviembre,27,,true,Senior,
,credit card,false,,,chrstian_hauff,false,,,,,"100,00%",,,male,2023,Qtr 4,diciembre,11,,true,Senior,
12,credit card,false,43,1,chrstian_hauff,false,"€43,00",,,,,1,€43,male,2023,Qtr 4,diciembre,28,5,false,Senior,93
12,credit card,false,43,1,chrstian_hauff,true,"€43,00",,,,,1,€43,male,2023,Qtr 4,octubre,2,5,false,Senior,93
,credit card,false,,,chrstian_hauff,true,,"100,00%","-100,00%",,,,,male,2023,Qtr 4,octubre,8,,true,Senior,
12,credit card,false,104,1,chrstian_hauff,true,"€104,00",,,"100,00%","100,00%",1,€104,male,2023,Qtr 4,octubre,25,5,true,Senior,93
12,credit card,false,35,1,chrstian_hauff,true,"€35,00",,,"100,00%","100,00%",1,€35,male,2023,Qtr 4,noviembre,2,5,true,Senior,93
12,credit card,false,40,1,chrstian_hauff,true,"€40,00",,,"100,00%","100,00%",1,€40,male,2023,Qtr 4,noviembre,27,5,true,Senior,93
12,credit card,false,45,1,chrstian_hauff,true,"€45,00",,,"100,00%","100,00%",1,€45,male,2023,Qtr 4,diciembre,11,5,true,Senior,93
4,credit card,false,46,1,dustybatter,false,"€46,00",,,,,1,€46,male,2023,Qtr 4,noviembre,19,4,false,Adulto Joven,28
4,credit card,false,41,1,dustybatter,false,"€41,00",,,,,1,€41,male,2023,Qtr 4,diciembre,6,4,false,Adulto Joven,28
4,credit card,false,40,1,dustybatter,false,"€40,00",,,,,1,€40,male,2023,Qtr 4,diciembre,12,4,false,Adulto Joven,28
4,credit card,false,35,1,dustybatter,false,"€35,00",,,,,1,€35,male,2023,Qtr 4,diciembre,25,4,false,Adulto Joven,28
4,credit card,false,42,1,dustybatter,true,"€42,00",,,,,1,€42,male,2023,Qtr 4,octubre,4,4,false,Adulto Joven,28
4,credit card,false,198,1,dustybatter,true,"€198,00",,,,,1,€198,male,2023,Qtr 4,octubre,7,4,false,Adulto Joven,28
4,credit card,false,38,1,dustybatter,true,"€38,00",,,,,1,€38,male,2023,Qtr 4,noviembre,9,4,false,Adulto Joven,28
9,credit card,false,49,1,eatonline,false,"€49,00",,,,,1,€49,male,2023,Qtr 4,octubre,10,5,false,Adulto Joven,36
0,credit card,false,637,1,gaga_hadid,true,"€637,00",,,,,1,€637,female,2023,Qtr 4,noviembre,16,3,false,Joven,21
11,credit card,false,175,3,herbert_james_haddock,true,"€175,00",,,"100,00%","100,00%",1,€175,male,2023,Qtr 4,diciembre,14,4,true,Adulto,43
2,credit card,false,31,3,jessica_jones,true,"€31,00",,,,,1,€31,female,2023,Qtr 4,octubre,4,4,false,Adulto Joven,27
2,credit card,false,36,1,juan_restevez,false,"€36,00",,,,,1,€36,male,2023,Qtr 4,noviembre,30,5,false,Joven,22
2,credit card,false,310,1,juan_restevez,true,"€310,00",,,,,1,€310,male,2023,Qtr 4,octubre,28,5,false,Joven,22
12,credit card,false,32,1,lacrossefan,false,"€32,00",,,,,1,€32,male,2023,Qtr 4,octubre,20,5,false,Adulto,59
10,credit card,false,46,1,mathiasstanger,false,"€46,00",,,,,1,€46,male,2023,Qtr 4,noviembre,14,2,false,Joven,24
10,credit card,false,34,1,mathiasstanger,false,"€34,00",,,,,1,€34,male,2023,Qtr 4,diciembre,15,2,false,Joven,24
10,credit card,false,44,1,mathiasstanger,true,"€44,00",,,,,1,€44,male,2023,Qtr 4,octubre,17,2,false,Joven,24
10,credit card,false,46,1,mathiasstanger,true,"€46,00",,,,,1,€46,male,2023,Qtr 4,noviembre,4,2,false,Joven,24
10,credit card,false,48,1,mathiasstanger,true,"€48,00",,,,,1,€48,male,2023,Qtr 4,diciembre,3,2,false,Joven,24
10,credit card,false,34,1,mathiasstanger,true,"€34,00",,,,,1,€34,male,2023,Qtr 4,diciembre,17,2,false,Joven,24
10,credit card,false,36,1,mathiasstanger,true,"€36,00",,,,,1,€36,male,2023,Qtr 4,diciembre,25,2,false,Joven,24
12,credit card,false,353,1,megan_f,false,"€353,00",,,,,1,€353,female,2023,Qtr 4,diciembre,24,3,false,Adulto Joven,32
8,credit card,false,34,3,michael_caine,false,"€34,00",,,,,1,€34,male,2023,Qtr 4,octubre,11,4,false,Adulto,53
8,credit card,false,451,3,michael_caine,false,"€451,00",,,,,1,€451,male,2023,Qtr 4,octubre,12,4,false,Adulto,53
8,credit card,false,315,3,michael_caine,false,"€315,00",,,,,1,€315,male,2023,Qtr 4,octubre,24,4,false,Adulto,53
8,credit card,false,44,3,michael_caine,false,"€44,00",,,,,1,€44,male,2023,Qtr 4,noviembre,12,4,false,Adulto,53
8,credit card,false,32,3,michael_caine,false,"€32,00",,,,,1,€32,male,2023,Qtr 4,noviembre,18,4,false,Adulto,53
8,credit card,false,34,3,michael_caine,false,"€34,00",,,,,1,€34,male,2023,Qtr 4,diciembre,14,4,false,Adulto,53
8,credit card,false,45,3,michael_caine,true,"€45,00",,,,,1,€45,male,2023,Qtr 4,noviembre,19,4,false,Adulto,53
8,credit card,false,50,3,michael_caine,true,"€50,00",,,,,1,€50,male,2023,Qtr 4,noviembre,27,4,false,Adulto,53
8,credit card,false,48,3,michael_caine,true,"€48,00",,,"100,00%","100,00%",1,€48,male,2023,Qtr 4,diciembre,4,4,true,Adulto,53
8,credit card,false,190,3,michael_caine,true,"€190,00",,,"100,00%","100,00%",1,€190,male,2023,Qtr 4,diciembre,13,4,true,Adulto,53
12,credit card,false,466,1,mitchryder,true,"€466,00",,,"100,00%","100,00%",1,€466,male,2023,Qtr 4,noviembre,5,4,true,Adulto Joven,40
8,credit card,false,394,1,pandit_bhanji,false,"€394,00",,,,,1,€394,male,2023,Qtr 4,diciembre,25,3,false,Adulto,53
10,credit card,false,32,1,robert_burns,false,"€32,00",,,,,1,€32,male,2023,Qtr 4,diciembre,26,2,false,Adulto Joven,40
10,credit card,false,33,3,rose_leslie,false,"€33,00",,,,,1,€33,female,2023,Qtr 4,octubre,19,4,false,Adulto,56
10,credit card,false,45,3,rose_leslie,false,"€45,00",,,,,1,€45,female,2023,Qtr 4,octubre,28,4,false,Adulto,56
10,credit card,false,40,3,rose_leslie,false,"€40,00",,,,,1,€40,female,2023,Qtr 4,diciembre,10,4,false,Adulto,56
10,credit card,false,621,3,rose_leslie,true,"€621,00",,,"100,00%","100,00%",1,€621,female,2023,Qtr 4,octubre,14,4,true,Adulto,56
10,credit card,false,41,3,rose_leslie,true,"€41,00",,,,,1,€41,female,2023,Qtr 4,noviembre,8,4,false,Adulto,56
10,credit card,false,43,3,rose_leslie,true,"€43,00",,,,,1,€43,female,2023,Qtr 4,noviembre,16,4,false,Adulto,56
10,credit card,false,49,3,rose_leslie,true,"€49,00",,,,,1,€49,female,2023,Qtr 4,diciembre,14,4,false,Adulto,56
10,credit card,false,39,3,rose_leslie,true,"€39,00",,,,,1,€39,female,2023,Qtr 4,diciembre,25,4,false,Adulto,56
12,credit card,false,161,1,samanthamars,true,"€161,00",,,"100,00%","100,00%",1,€161,female,2023,Qtr 4,noviembre,3,4,true,Adulto,49
12,credit card,false,43,1,ultimate2000,false,"€43,00","100,00%","-100,00%","100,00%",,1,€43,male,2023,Qtr 4,diciembre,15,5,true,Adulto Joven,38
7,credit card,false,365,1,volkswagen1,false,"€365,00",,,,,1,€365,male,2023,Qtr 4,octubre,29,4,false,Adulto Joven,34
7,credit card,false,36,1,volkswagen1,false,"€36,00",,,,,1,€36,male,2023,Qtr 4,diciembre,4,4,false,Adulto Joven,34
7,credit card,false,35,1,volkswagen1,false,"€35,00",,,,,1,€35,male,2023,Qtr 4,diciembre,18,4,false,Adulto Joven,34
7,credit card,false,47,1,volkswagen1,true,"€47,00",,,"100,00%","100,00%",1,€47,male,2023,Qtr 4,octubre,8,4,true,Adulto Joven,34
7,credit card,false,325,1,volkswagen1,true,"€325,00",,,,,1,€325,male,2023,Qtr 4,octubre,11,4,false,Adulto Joven,34
7,credit card,false,369,1,volkswagen1,true,"€369,00",,,"100,00%","100,00%",1,€369,male,2023,Qtr 4,octubre,13,4,true,Adulto Joven,34
7,credit card,false,35,1,volkswagen1,true,"€35,00",,,,,1,€35,male,2023,Qtr 4,noviembre,12,4,false,Adulto Joven,34
7,credit card,false,32,1,volkswagen1,true,"€32,00",,,,,1,€32,male,2023,Qtr 4,noviembre,13,4,false,Adulto Joven,34
7,credit card,false,31,1,volkswagen1,true,"€31,00",,,"100,00%","100,00%",1,€31,male,2023,Qtr 4,noviembre,22,4,true,Adulto Joven,34
7,credit card,false,41,1,volkswagen1,true,"€41,00",,,,,1,€41,male,2023,Qtr 4,diciembre,14,4,false,Adulto Joven,34
11,credit card,false,423,1,xiao_peng_peng,false,"€423,00","100,00%","-100,00%","100,00%",,1,€423,female,2023,Qtr 4,octubre,5,5,true,Adulto Joven,29
11,credit card,false,392,1,xiao_peng_peng,false,"€392,00",,,,,1,€392,female,2023,Qtr 4,octubre,19,5,false,Adulto Joven,29
11,credit card,false,41,1,xiao_peng_peng,false,"€41,00",,,,,1,€41,female,2023,Qtr 4,octubre,30,5,false,Adulto Joven,29
11,credit card,false,42,1,xiao_peng_peng,false,"€42,00",,,,,1,€42,female,2023,Qtr 4,noviembre,9,5,false,Adulto Joven,29
11,credit card,false,35,1,xiao_peng_peng,false,"€35,00",,,,,1,€35,female,2023,Qtr 4,noviembre,12,5,false,Adulto Joven,29
11,credit card,false,52,1,xiao_peng_peng,false,"€52,00","100,00%","-100,00%","100,00%",,1,€52,female,2023,Qtr 4,noviembre,18,5,true,Adulto Joven,29
11,credit card,false,457,1,xiao_peng_peng,false,"€457,00","100,00%","-100,00%","100,00%",,1,€457,female,2023,Qtr 4,diciembre,1,5,true,Adulto Joven,29
,credit card,false,,,xiao_peng_peng,false,,,,,"100,00%",,,female,2023,Qtr 4,diciembre,8,,true,Adulto Joven,
11,credit card,false,41,1,xiao_peng_peng,false,"€41,00",,,,,1,€41,female,2023,Qtr 4,diciembre,13,5,false,Adulto Joven,29
,credit card,false,,,xiao_peng_peng,true,,"100,00%","-100,00%",,,,,female,2023,Qtr 4,octubre,5,,true,Adulto Joven,
11,credit card,false,39,1,xiao_peng_peng,true,"€39,00",,,,,1,€39,female,2023,Qtr 4,octubre,29,5,false,Adulto Joven,29
,credit card,false,,,xiao_peng_peng,true,,"100,00%","-100,00%",,,,,female,2023,Qtr 4,noviembre,18,,true,Adulto Joven,
,credit card,false,,,xiao_peng_peng,true,,"100,00%","-100,00%",,,,,female,2023,Qtr 4,diciembre,1,,true,Adulto Joven,
11,credit card,false,41,1,xiao_peng_peng,true,"€41,00",,,,,1,€41,female,2023,Qtr 4,diciembre,2,5,false,Adulto Joven,29
11,credit card,false,48,1,xiao_peng_peng,true,"€48,00",,,"100,00%","100,00%",1,€48,female,2023,Qtr 4,diciembre,8,5,true,Adulto Joven,29
12,credit card,true,322,1,chrstian_hauff,true,"€322,00",,,,,1,€322,male,2023,Qtr 4,octubre,18,5,false,Senior,93
10,credit card,true,451,3,rose_leslie,true,"€451,00",,,,,1,€451,female,2023,Qtr 4,diciembre,30,4,false,Adulto,56
6,paypal,false,43,1,alexander_altmann,false,"€43,00",,,,,1,€43,male,2023,Qtr 4,octubre,24,3,false,Adulto Joven,35
6,paypal,false,45,1,alexander_altmann,false,"€45,00",,,,,1,€45,male,2023,Qtr 4,noviembre,14,3,false,Adulto Joven,35
5,paypal,false,36,1,amanda_missinger,false,"€36,00",,,,,1,€36,female,2023,Qtr 4,diciembre,13,5,false,Joven,24
5,paypal,false,78,1,amanda_missinger,false,"€78,00",,,,,1,€78,female,2023,Qtr 4,diciembre,30,5,false,Joven,24
5,paypal,false,625,1,amanda_missinger,true,"€625,00",,,,,1,€625,female,2023,Qtr 4,octubre,3,5,false,Joven,24
5,paypal,false,431,1,amanda_missinger,true,"€431,00",,,,,1,€431,female,2023,Qtr 4,octubre,19,5,false,Joven,24
5,paypal,false,379,1,amanda_missinger,true,"€379,00",,,,,1,€379,female,2023,Qtr 4,octubre,25,5,false,Joven,24
5,paypal,false,36,1,amanda_missinger,true,"€36,00",,,,,1,€36,female,2023,Qtr 4,noviembre,17,5,false,Joven,24
5,paypal,false,46,1,amanda_missinger,true,"€46,00",,,,,1,€46,female,2023,Qtr 4,diciembre,2,5,false,Joven,24
5,paypal,false,387,1,amanda_missinger,true,"€387,00",,,,,1,€387,female,2023,Qtr 4,diciembre,14,5,false,Joven,24
5,paypal,false,33,1,amanda_missinger,true,"€33,00",,,,,1,€33,female,2023,Qtr 4,diciembre,19,5,false,Joven,24
,paypal,false,,,catesby_harington,false,,,,,"100,00%",,,male,2023,Qtr 4,octubre,9,,true,Adulto Joven,
0,paypal,false,34,1,catesby_harington,false,"€34,00","100,00%","-100,00%","100,00%",,1,€34,male,2023,Qtr 4,octubre,15,4,true,Adulto Joven,30
0,paypal,false,451,1,catesby_harington,false,"€451,00",,,,,1,€451,male,2023,Qtr 4,noviembre,23,4,false,Adulto Joven,30
0,paypal,false,31,1,catesby_harington,false,"€31,00",,,,,1,€31,male,2023,Qtr 4,diciembre,17,4,false,Adulto Joven,30
0,paypal,false,37,1,catesby_harington,true,"€37,00",,,"100,00%","100,00%",1,€37,male,2023,Qtr 4,octubre,9,4,true,Adulto Joven,30
0,paypal,false,478,1,catesby_harington,true,"€478,00",,,,,1,€478,male,2023,Qtr 4,octubre,13,4,false,Adulto Joven,30
,paypal,false,,,catesby_harington,true,,"100,00%","-100,00%",,,,,male,2023,Qtr 4,octubre,15,,true,Adulto Joven,
0,paypal,false,407,1,catesby_harington,true,"€407,00",,,,,1,€407,male,2023,Qtr 4,octubre,23,4,false,Adulto Joven,30
0,paypal,false,36,1,catesby_harington,true,"€36,00",,,,,1,€36,male,2023,Qtr 4,diciembre,18,4,false,Adulto Joven,30
10,paypal,false,35,1,david1970,false,"€35,00",,,,,1,€35,male,2023,Qtr 4,noviembre,28,5,false,Adulto,50
10,paypal,false,45,1,david1970,false,"€45,00",,,,,1,€45,male,2023,Qtr 4,diciembre,2,5,false,Adulto,50
10,paypal,false,35,1,david1970,false,"€35,00",,,,,1,€35,male,2023,Qtr 4,diciembre,3,5,false,Adulto,50
10,paypal,false,32,1,david1970,false,"€32,00",,,,,1,€32,male,2023,Qtr 4,diciembre,17,5,false,Adulto,50
10,paypal,false,44,1,david1970,true,"€44,00",,,,,1,€44,male,2023,Qtr 4,octubre,10,5,false,Adulto,50
10,paypal,false,48,1,david1970,true,"€48,00",,,,,1,€48,male,2023,Qtr 4,noviembre,5,5,false,Adulto,50
10,paypal,false,31,1,david1970,true,"€31,00",,,"100,00%","100,00%",1,€31,male,2023,Qtr 4,noviembre,14,5,true,Adulto,50
10,paypal,false,32,1,david1970,true,"€32,00",,,,,1,€32,male,2023,Qtr 4,diciembre,20,5,false,Adulto,50
8,paypal,false,32,3,dorothy_parker,false,"€32,00",,,,,1,€32,female,2023,Qtr 4,octubre,4,3,false,Adulto,56
8,paypal,false,51,3,dorothy_parker,false,"€51,00","100,00%","-100,00%","100,00%",,1,€51,female,2023,Qtr 4,octubre,6,3,true,Adulto,56
8,paypal,false,43,3,dorothy_parker,false,"€43,00",,,,,1,€43,female,2023,Qtr 4,octubre,9,3,false,Adulto,56
,paypal,false,,,dorothy_parker,false,,,,,"100,00%",,,female,2023,Qtr 4,noviembre,26,,true,Adulto,
8,paypal,false,630,3,dorothy_parker,false,"€630,00",,,,,1,€630,female,2023,Qtr 4,diciembre,25,3,false,Adulto,56
8,paypal,false,172,3,dorothy_parker,false,"€172,00",,,,,1,€172,female,2023,Qtr 4,diciembre,26,3,false,Adulto,56
,paypal,false,,,dorothy_parker,false,,,,,"100,00%",,,female,2023,Qtr 4,diciembre,28,,true,Adulto,
,paypal,false,,,dorothy_parker,true,,"100,00%","-100,00%",,,,,female,2023,Qtr 4,octubre,6,,true,Adulto,
8,paypal,false,45,3,dorothy_parker,true,"€45,00",,,"100,00%","100,00%",1,€45,female,2023,Qtr 4,noviembre,26,3,true,Adulto,56
8,paypal,false,484,3,dorothy_parker,true,"€484,00",,,,,1,€484,female,2023,Qtr 4,diciembre,11,3,false,Adulto,56
8,paypal,false,604,3,dorothy_parker,true,"€604,00",,,"100,00%","100,00%",1,€604,female,2023,Qtr 4,diciembre,28,3,true,Adulto,56
12,paypal,false,373,1,eilleen_brown,false,"€373,00",,,,,1,€373,female,2023,Qtr 4,octubre,10,4,false,Adulto,53
12,paypal,false,49,1,eilleen_brown,false,"€49,00",,,,,1,€49,female,2023,Qtr 4,octubre,16,4,false,Adulto,53
12,paypal,false,40,1,eilleen_brown,false,"€40,00",,,,,1,€40,female,2023,Qtr 4,octubre,25,4,false,Adulto,53
12,paypal,false,33,1,eilleen_brown,true,"€33,00",,,,,1,€33,female,2023,Qtr 4,octubre,22,4,false,Adulto,53
12,paypal,false,44,1,eilleen_brown,true,"€44,00",,,"100,00%","100,00%",1,€44,female,2023,Qtr 4,noviembre,12,4,true,Adulto,53
12,paypal,false,48,1,eilleen_brown,true,"€48,00",,,,,1,€48,female,2023,Qtr 4,noviembre,13,4,false,Adulto,53
12,paypal,false,580,1,eilleen_brown,true,"€580,00",,,,,1,€580,female,2023,Qtr 4,noviembre,16,4,false,Adulto,53
12,paypal,false,45,1,eilleen_brown,true,"€45,00",,,,,1,€45,female,2023,Qtr 4,noviembre,17,4,false,Adulto,53
12,paypal,false,31,1,eilleen_brown,true,"€31,00",,,,,1,€31,female,2023,Qtr 4,noviembre,30,4,false,Adulto,53
12,paypal,false,499,1,emily_stone,true,"€499,00",,,,,1,€499,female,2023,Qtr 4,noviembre,11,4,false,Joven,22
11,paypal,false,42,1,fred-johnson,false,"€42,00",,,,,1,€42,male,2023,Qtr 4,octubre,3,4,false,Adulto Joven,37
11,paypal,false,33,1,fred-johnson,false,"€33,00",,,,,1,€33,male,2023,Qtr 4,octubre,14,4,false,Adulto Joven,37
11,paypal,false,47,1,fred-johnson,false,"€47,00",,,,,1,€47,male,2023,Qtr 4,noviembre,2,4,false,Adulto Joven,37
11,paypal,false,40,1,fred-johnson,false,"€40,00",,,,,1,€40,male,2023,Qtr 4,noviembre,4,4,false,Adulto Joven,37
11,paypal,false,337,1,fred-johnson,false,"€337,00",,,,,1,€337,male,2023,Qtr 4,noviembre,11,4,false,Adulto Joven,37
11,paypal,false,40,1,fred-johnson,false,"€40,00",,,,,1,€40,male,2023,Qtr 4,diciembre,17,4,false,Adulto Joven,37
11,paypal,false,35,1,fred-johnson,true,"€35,00",,,,,1,€35,male,2023,Qtr 4,noviembre,5,4,false,Adulto Joven,37
11,paypal,false,49,1,fred-johnson,true,"€49,00",,,,,1,€49,male,2023,Qtr 4,noviembre,24,4,false,Adulto Joven,37
11,paypal,false,35,1,fred-johnson,true,"€35,00",,,,,1,€35,male,2023,Qtr 4,diciembre,14,4,false,Adulto Joven,37
9,paypal,false,39,1,helmut_weissinger,true,"€39,00",,,,,1,€39,male,2023,Qtr 4,octubre,5,2,false,Adulto Joven,27
9,paypal,false,500,1,homlesspistachio,false,"€500,00",,,,,1,€500,male,2023,Qtr 4,octubre,2,5,false,Adulto,60
12,paypal,false,401,1,jelena_jstowitsch,true,"€401,00",,,,,1,€401,female,2023,Qtr 4,noviembre,12,4,false,Joven,23
7,paypal,false,46,1,john_cain,true,"€46,00",,,,,1,€46,male,2023,Qtr 4,noviembre,16,4,false,Adulto Joven,31
8,paypal,false,48,1,maria_sheen,false,"€48,00","100,00%","-100,00%","100,00%",,1,€48,female,2023,Qtr 4,diciembre,8,2,true,Adulto,55
4,paypal,false,367,3,marylin2,false,"€367,00","100,00%","-100,00%","100,00%",,1,€367,female,2023,Qtr 4,octubre,6,5,true,Joven,23
1,paypal,false,38,3,michaelbertolina,false,"€38,00","100,00%","-100,00%","100,00%",,1,€38,male,2023,Qtr 4,octubre,7,3,true,Adulto Joven,35
8,paypal,false,46,1,mohammadyusuff,true,"€46,00",,,,,1,€46,male,2023,Qtr 4,octubre,23,4,false,Adulto Joven,34
11,paypal,false,157,2,peng_peng,true,"€157,00",,,"100,00%","100,00%",1,€157,male,2023,Qtr 4,diciembre,25,5,true,Adulto,60
11,paypal,false,38,3,ron_burgundy,false,"€38,00",,,,,1,€38,male,2023,Qtr 4,octubre,23,5,false,Adulto Joven,33
8,paypal,false,444,3,stamatina_elizabeth,false,"€444,00",,,,,1,€444,female,2023,Qtr 4,octubre,27,4,false,Adulto,59
8,paypal,false,35,1,stefanschmidt,false,"€35,00",,,,,1,€35,male,2023,Qtr 4,octubre,10,4,false,Adulto,55
8,paypal,false,353,1,stefanschmidt,false,"€353,00",,,,,1,€353,male,2023,Qtr 4,noviembre,16,4,false,Adulto,55
8,paypal,false,91,1,stefanschmidt,false,"€91,00",,,,,1,€91,male,2023,Qtr 4,noviembre,17,4,false,Adulto,55
8,paypal,false,302,1,stefanschmidt,false,"€302,00",,,,,1,€302,male,2023,Qtr 4,diciembre,3,4,false,Adulto,55
8,paypal,false,39,1,stefanschmidt,false,"€39,00",,,,,1,€39,male,2023,Qtr 4,diciembre,25,4,false,Adulto,55
8,paypal,false,34,1,stefanschmidt,true,"€34,00",,,,,1,€34,male,2023,Qtr 4,noviembre,4,4,false,Adulto,55
8,paypal,false,307,1,stefanschmidt,true,"€307,00",,,,,1,€307,male,2023,Qtr 4,diciembre,12,4,false,Adulto,55
12,paypal,false,39,1,t_bleu,false,"€39,00",,,,,1,€39,male,2023,Qtr 4,diciembre,28,3,false,Senior,90
12,paypal,false,499,1,t_bleu,true,"€499,00",,,"100,00%","100,00%",1,€499,male,2023,Qtr 4,noviembre,2,3,true,Senior,90
12,paypal,false,114,2,tara_over,false,"€114,00",,,,,1,€114,female,2023,Qtr 4,noviembre,15,4,false,Adulto Joven,37
12,paypal,false,104,2,tara_over,false,"€104,00",,,,,1,€104,female,2023,Qtr 4,noviembre,23,4,false,Adulto Joven,37
12,paypal,false,125,2,tara_over,false,"€125,00","100,00%","-100,00%","100,00%",,1,€125,female,2023,Qtr 4,noviembre,29,4,true,Adulto Joven,37
12,paypal,false,193,2,tara_over,false,"€193,00",,,,,1,€193,female,2023,Qtr 4,diciembre,7,4,false,Adulto Joven,37
12,paypal,false,576,2,tara_over,false,"€576,00",,,,,1,€576,female,2023,Qtr 4,diciembre,18,4,false,Adulto Joven,37
12,paypal,false,124,2,tara_over,true,"€124,00",,,,,1,€124,female,2023,Qtr 4,noviembre,24,4,false,Adulto Joven,37
12,paypal,false,61,2,tara_over,true,"€61,00",,,,,1,€61,female,2023,Qtr 4,diciembre,1,4,false,Adulto Joven,37
12,paypal,false,77,2,tara_over,true,"€77,00",,,,,1,€77,female,2023,Qtr 4,diciembre,15,4,false,Adulto Joven,37
12,paypal,false,176,2,truman-capote,false,"€176,00",,,,,1,€176,male,2023,Qtr 4,noviembre,19,3,false,Adulto,44
8,paypal,false,41,1,usurpgam,false,"€41,00",,,,,1,€41,male,2023,Qtr 4,octubre,4,5,false,Adulto,48
,paypal,false,,,usurpgam,false,,,,,"100,00%",,,male,2023,Qtr 4,octubre,10,,true,Adulto,
8,paypal,false,32,1,usurpgam,false,"€32,00",,,,,1,€32,male,2023,Qtr 4,octubre,21,5,false,Adulto,48
8,paypal,false,35,1,usurpgam,false,"€35,00",,,,,1,€35,male,2023,Qtr 4,noviembre,10,5,false,Adulto,48
8,paypal,false,451,1,usurpgam,false,"€451,00",,,,,1,€451,male,2023,Qtr 4,noviembre,29,5,false,Adulto,48
8,paypal,false,47,1,usurpgam,false,"€47,00","100,00%","-100,00%","100,00%",,1,€47,male,2023,Qtr 4,diciembre,17,5,true,Adulto,48
8,paypal,false,36,1,usurpgam,true,"€36,00",,,"100,00%","100,00%",1,€36,male,2023,Qtr 4,octubre,10,5,true,Adulto,48
8,paypal,false,49,1,usurpgam,true,"€49,00",,,,,1,€49,male,2023,Qtr 4,octubre,23,5,false,Adulto,48
8,paypal,false,465,1,usurpgam,true,"€465,00",,,,,1,€465,male,2023,Qtr 4,diciembre,8,5,false,Adulto,48
,paypal,false,,,usurpgam,true,,"100,00%","-100,00%",,,,,male,2023,Qtr 4,diciembre,17,,true,Adulto,
8,paypal,false,46,1,usurpgam,true,"€46,00",,,,,1,€46,male,2023,Qtr 4,diciembre,30,5,false,Adulto,48
0,paypal,true,340,1,catesby_harington,true,"€340,00",,,"100,00%","100,00%",1,€340,male,2023,Qtr 4,diciembre,16,4,true,Adulto Joven,30
8,paypal,true,379,3,dorothy_parker,false,"€379,00",,,,,1,€379,female,2023,Qtr 4,noviembre,17,3,false,Adulto,56
8,paypal,true,39,3,dorothy_parker,true,"€39,00",,,,,1,€39,female,2023,Qtr 4,noviembre,25,3,false,Adulto,56
12,paypal,true,541,1,eilleen_brown,false,"€541,00",,,,,1,€541,female,2023,Qtr 4,diciembre,13,4,false,Adulto,53
12,paypal,true,109,2,tara_over,true,"€109,00",,,,,1,€109,female,2023,Qtr 4,octubre,17,4,false,Adulto Joven,37
12,paypal,true,482,2,tara_over,true,"€482,00",,,,,1,€482,female,2023,Qtr 4,diciembre,11,4,false,Adulto Joven,37
